{"cameraMode":{"drawMode":0,"name":"Shaded","section":"Shading Mode"},"sceneLighting":true,"audioPlay":false,"sceneViewState":{"m_AlwaysRefresh":false,"showFog":true,"showSkybox":true,"showFlares":true,"showImageEffects":true,"showParticleSystems":true,"showVisualEffectGraphs":true,"m_FxEnabled":true},"in2DMode":false,"pivot":{"x":29.34588050842285,"y":82.98345947265625,"z":65.35604858398438},"rotation":{"x":-0.11108008772134781,"y":-0.0008975284872576594,"z":0.00009932510874932632,"w":-0.9938210248947144},"size":244.6389617919922,"orthographic":false}