{"cameraMode":{"drawMode":0,"name":"Shaded","section":"Shading Mode"},"sceneLighting":false,"audioPlay":false,"sceneViewState":{"showFog":true,"showMaterialUpdate":false,"showSkybox":false,"showFlares":true,"showImageEffects":true,"showParticleSystems":true},"in2DMode":false,"pivot":{"x":-6.889999866485596,"y":0.5,"z":29.709999084472658},"rotation":{"x":-0.46994853019714358,"y":-0.015360715799033642,"z":0.008178368210792542,"w":-0.8825302720069885},"size":1.6770507097244263,"orthographic":false}