{"cameraMode":{"drawMode":0,"name":"Shaded","section":"Shading Mode"},"sceneLighting":false,"audioPlay":false,"sceneViewState":{"showFog":true,"showMaterialUpdate":false,"showSkybox":false,"showFlares":true,"showImageEffects":true,"showParticleSystems":true},"in2DMode":false,"pivot":{"x":-2.770449161529541,"y":1.8300325870513917,"z":63.70690155029297},"rotation":{"x":-0.03799837827682495,"y":0.36373603343963625,"z":-0.014851974323391915,"w":-0.9306187033653259},"size":2.4247448444366457,"orthographic":false}